recipient_id,recipient_email,status,error
2,isha.agrawal1@gmail.com,sent,
7,nikhil.jit6@gmail.com,sent,
4,rajat.khan3@gmail.com,sent,
3,pavan.chopra2@gmail.com,sent,
10,raj.bhatt9@gmail.com,sent,
11,kavya.mehra10@gmail.com,sent,
14,rajesh.reddy13@gmail.com,sent,
15,lokanath.kothari14@gmail.com,sent,
21,emma.kaushik20@gmail.com,sent,
22,suman.kashyap21@gmail.com,sent,
24,kajal.bhat23@gmail.com,sent,
27,tina.saraf26@gmail.com,sent,
26,ava.khan25@gmail.com,sent,
29,samir.pillay28@gmail.com,sent,
31,zara.choudhary30@gmail.com,sent,
32,mia.kothari31@gmail.com,sent,
35,lokanath.malhotra34@gmail.com,sent,
34,lokesh.goyal33@gmail.com,sent,
37,lokesh.bhatt36@gmail.com,sent,
38,mira.tilak37@gmail.com,sent,
39,olivia.verma38@gmail.com,sent,
42,vijay.pknambiar41@gmail.com,sent,
45,sunita.raju44@gmail.com,sent,
49,suman.bhatt48@gmail.com,sent,
53,pooja.singhal52@gmail.com,sent,
55,pari.saxena54@gmail.com,sent,
56,mohammed.kothari55@gmail.com,sent,
58,lucas.banerjee57@gmail.com,sent,
60,nivaan.seth59@gmail.com,sent,
68,bala.yadav67@gmail.com,sent,
69,mohammed.chopra68@gmail.com,sent,
71,manish.krishnan70@gmail.com,sent,
72,aya.bhattacharya71@gmail.com,sent,
73,sunita.kaushik72@gmail.com,sent,
74,pranali.singh73@gmail.com,sent,
75,hema.bose74@gmail.com,sent,
76,rahul.chopra75@gmail.com,sent,
79,sachin.varadarajan78@gmail.com,sent,
82,shiv.adani81@gmail.com,sent,
83,amelia.adani82@gmail.com,sent,
85,varun.saxena84@gmail.com,sent,
86,aya.chandra85@gmail.com,sent,
84,pranali.choudhary83@gmail.com,sent,
87,madhav.mukherjee86@gmail.com,sent,
94,reza.kashyap93@gmail.com,sent,
95,amelia.bhardwaj94@gmail.com,sent,
96,sanjay.seth95@gmail.com,sent,
99,aditya.kumar98@gmail.com,sent,
100,amelia.shinde99@gmail.com,sent,
98,bhavna.dias97@gmail.com,sent,
101,isha.jain100@gmail.com,sent,
103,emma.patel102@gmail.com,sent,
104,arya.joshi103@gmail.com,sent,
105,arya.fernandes104@gmail.com,sent,
108,sneha.bharadwaj107@gmail.com,sent,
109,gita.jit108@gmail.com,sent,
110,lokesh.parekh109@gmail.com,sent,
111,liya.sarma110@gmail.com,sent,
112,atul.goyal111@gmail.com,sent,
118,ananya.dias117@gmail.com,sent,
117,zara.bose116@gmail.com,sent,
120,varun.gowda119@gmail.com,sent,
119,sakshi.raj118@gmail.com,sent,
121,reza.fernandes120@gmail.com,sent,
122,hema.shetty121@gmail.com,sent,
123,amelia.kashyap122@gmail.com,sent,
124,amelia.shaw123@gmail.com,sent,
127,ishan.ambani126@gmail.com,sent,
130,lokanath.fernandes129@gmail.com,sent,
131,samir.malhotra130@gmail.com,sent,
132,rajveer.verma131@gmail.com,sent,
133,karan.bose132@gmail.com,sent,
135,shreya.sarma134@gmail.com,sent,
137,sameer.singh136@gmail.com,sent,
138,mahesh.krishnan137@gmail.com,sent,
142,yash.reddy141@gmail.com,sent,
145,oliver.varadarajan144@gmail.com,sent,
147,nivaan.trivedi146@gmail.com,sent,
146,sanjay.varadarajan145@gmail.com,sent,
150,gita.mehta149@gmail.com,sent,
152,bhavesh.mukherjee151@gmail.com,sent,
153,pooja.desai152@gmail.com,sent,
158,manish.pillay157@gmail.com,sent,
161,ava.nambiar160@gmail.com,sent,
162,tanvi.agrawal161@gmail.com,sent,
163,neha.raj162@gmail.com,sent,
164,rajesh.patel163@gmail.com,sent,
165,isha.verma164@gmail.com,sent,
167,jaya.chandra166@gmail.com,sent,
170,isabella.modi169@gmail.com,sent,
169,nikita.yadav168@gmail.com,sent,
171,mira.das170@gmail.com,sent,
172,shiv.verma171@gmail.com,sent,
173,nikita.shaw172@gmail.com,sent,
174,dimple.shinde173@gmail.com,sent,
179,rakesh.seth178@gmail.com,sent,
181,rakesh.gupta180@gmail.com,sent,
182,anu.paul181@gmail.com,sent,
180,amelia.gowda179@gmail.com,sent,
183,rakesh.reddy182@gmail.com,sent,
185,mira.goyal184@gmail.com,sent,
186,mohammed.tilak185@gmail.com,sent,
188,anu.gowda187@gmail.com,sent,
189,karan.das188@gmail.com,sent,
192,dev.thomas191@gmail.com,sent,
193,vikram.nair192@gmail.com,sent,
194,priya.rao193@gmail.com,sent,
198,aarav.mehra197@gmail.com,sent,
200,dhruv.bose199@gmail.com,sent,
202,aya.agrawal201@gmail.com,sent,
203,pranali.sinha202@gmail.com,sent,
208,deepa.yadav207@gmail.com,sent,
209,nikhil.pknambiar208@gmail.com,sent,
212,mia.verma211@gmail.com,sent,
213,kabir.naidu212@gmail.com,sent,
215,ali.chandra214@gmail.com,sent,
217,anita.nair216@gmail.com,sent,
218,sakshi.chauhan217@gmail.com,sent,
220,isha.seth219@gmail.com,sent,
219,yash.more218@gmail.com,sent,
221,ravi.varma220@gmail.com,sent,
222,isha.verma221@gmail.com,sent,
226,shruti.saxena225@gmail.com,sent,
223,rakesh.gupta222@gmail.com,sent,
228,tina.sharma227@gmail.com,sent,
230,anu.banerjee229@gmail.com,sent,
233,manish.menon232@gmail.com,sent,
235,sakshi.more234@gmail.com,sent,
239,shreya.gowda238@gmail.com,sent,
236,anita.saxena235@gmail.com,sent,
241,shiv.more240@gmail.com,sent,
242,vijay.trivedi241@gmail.com,sent,
243,rajat.ferreira242@gmail.com,sent,
246,omar.shukla245@gmail.com,sent,
251,leela.saraf250@gmail.com,sent,
252,kavya.kashyap251@gmail.com,sent,
253,lucas.bhat252@gmail.com,sent,
256,anand.malhotra255@gmail.com,sent,
254,mayank.menon253@gmail.com,sent,
258,sakshi.seth257@gmail.com,sent,
259,hema.santosh258@gmail.com,sent,
261,isha.parekh260@gmail.com,sent,
262,arya.parekh261@gmail.com,sent,
263,pooja.shinde262@gmail.com,sent,
264,noor.varadarajan263@gmail.com,sent,
265,lokesh.bose264@gmail.com,sent,
268,rakesh.gowda267@gmail.com,sent,
266,kiran.shinde265@gmail.com,sent,
271,isha.dutta270@gmail.com,sent,
272,neel.reddy271@gmail.com,sent,
275,nivaan.nair274@gmail.com,sent,
274,hema.shaw273@gmail.com,sent,
280,pari.chauhan279@gmail.com,sent,
283,nivaan.thomas282@gmail.com,sent,
284,omar.gowda283@gmail.com,sent,
285,liya.dias284@gmail.com,sent,
286,varun.mukherjee285@gmail.com,sent,
288,rahul.jain287@gmail.com,sent,
290,rahul.chandra289@gmail.com,sent,
292,priya.naidu291@gmail.com,sent,
293,rajesh.raju292@gmail.com,sent,
294,kajal.kumar293@gmail.com,sent,
295,manish.seth294@gmail.com,sent,
300,mahesh.mehra299@gmail.com,sent,
302,mohit.yadav301@gmail.com,sent,
303,manish.rao302@gmail.com,sent,
305,pari.banerjee304@gmail.com,sent,
306,neha.parekh305@gmail.com,sent,
307,shreya.kaur306@gmail.com,sent,
310,priya.pknambiar309@gmail.com,sent,
311,sudha.nambiar310@gmail.com,sent,
312,bala.pillay311@gmail.com,sent,
313,manish.lodha312@gmail.com,sent,
314,madhav.agrawal313@gmail.com,sent,
317,vikram.adani316@gmail.com,sent,
318,arya.varma317@gmail.com,sent,
321,meera.choudhary320@gmail.com,sent,
325,sneha.tilak324@gmail.com,sent,
327,arya.lodha326@gmail.com,sent,
328,lokesh.singh327@gmail.com,sent,
334,oliver.bharadwaj333@gmail.com,sent,
337,pranav.agrawal336@gmail.com,sent,
336,dimple.arora335@gmail.com,sent,
338,gaurav.menon337@gmail.com,sent,
339,neha.joshi338@gmail.com,sent,
342,noor.rao341@gmail.com,sent,
344,neha.mehta343@gmail.com,sent,
347,kajal.more346@gmail.com,sent,
348,olivia.raj347@gmail.com,sent,
351,arjun.gupta350@gmail.com,sent,
355,madhav.joshi354@gmail.com,sent,
356,rajat.shinde355@gmail.com,sent,
353,raj.singh352@gmail.com,sent,
357,kabir.arora356@gmail.com,sent,
361,hema.varadarajan360@gmail.com,sent,
358,nikita.nagpal357@gmail.com,sent,
363,reza.varadarajan362@gmail.com,sent,
364,kiran.bharadwaj363@gmail.com,sent,
366,tanmay.singhal365@gmail.com,sent,
367,isha.rana366@gmail.com,sent,
379,tina.dias378@gmail.com,sent,
377,aarav.singh376@gmail.com,sent,
383,rakesh.menon382@gmail.com,sent,
385,emma.bhat384@gmail.com,sent,
387,lokesh.singh386@gmail.com,sent,
388,tanmay.patel387@gmail.com,sent,
391,tanmay.paul390@gmail.com,sent,
392,nikhil.varma391@gmail.com,sent,
393,tanvi.reddy392@gmail.com,sent,
394,aditya.lodha393@gmail.com,sent,
396,arya.arora395@gmail.com,sent,
399,lokanath.parekh398@gmail.com,sent,
401,laila.pillay400@gmail.com,sent,
402,meera.varma401@gmail.com,sent,
403,isabella.bhatt402@gmail.com,sent,
404,meera.patankar403@gmail.com,sent,
405,deepa.jain404@gmail.com,sent,
406,laila.rana405@gmail.com,sent,
407,mano.chandra406@gmail.com,sent,
409,oliver.naidu408@gmail.com,sent,
413,aarav.ferreira412@gmail.com,sent,
415,rajveer.desai414@gmail.com,sent,
418,rajesh.patil417@gmail.com,sent,
420,anand.dias419@gmail.com,sent,
422,yash.sharma421@gmail.com,sent,
427,aditya.gowda426@gmail.com,sent,
424,liam.santosh423@gmail.com,sent,
429,bhavesh.malhotra428@gmail.com,sent,
431,ritu.thomas430@gmail.com,sent,
432,kabir.khan431@gmail.com,sent,
433,emma.kumar432@gmail.com,sent,
434,mayank.chauhan433@gmail.com,sent,
435,mayank.nair434@gmail.com,sent,
436,liya.rao435@gmail.com,sent,
441,varun.santosh440@gmail.com,sent,
440,jaya.modi439@gmail.com,sent,
444,lucas.pknambiar443@gmail.com,sent,
438,omar.kumar437@gmail.com,sent,
445,sameer.kumar444@gmail.com,sent,
446,raj.mehta445@gmail.com,sent,
447,gita.bharadwaj446@gmail.com,sent,
449,anu.pillay448@gmail.com,sent,
448,ali.reddy447@gmail.com,sent,
451,laila.modi450@gmail.com,sent,
452,omar.varma451@gmail.com,sent,
453,kamal.rana452@gmail.com,sent,
455,ali.kumar454@gmail.com,sent,
454,dev.thomas453@gmail.com,sent,
458,lucas.lodha457@gmail.com,sent,
459,sneha.arora458@gmail.com,sent,
464,kiran.bose463@gmail.com,sent,
465,gaurav.santosh464@gmail.com,sent,
461,tanvi.dias460@gmail.com,sent,
470,sophia.nair469@gmail.com,sent,
471,mahesh.fernandes470@gmail.com,sent,
472,nikita.bhat471@gmail.com,sent,
474,mano.kaushik473@gmail.com,sent,
475,asha.parekh474@gmail.com,sent,
478,kiran.verma477@gmail.com,sent,
483,asha.kashyap482@gmail.com,sent,
484,mia.chauhan483@gmail.com,sent,
486,pavan.gowtham485@gmail.com,sent,
485,leela.sarma484@gmail.com,sent,
490,aarav.rao489@gmail.com,sent,
489,sudha.dias488@gmail.com,sent,
492,hema.hussain491@gmail.com,sent,
495,isabella.seth494@gmail.com,sent,
496,mira.saxena495@gmail.com,sent,
497,omar.hussain496@gmail.com,sent,
498,mayank.fernandes497@gmail.com,sent,
499,reza.reddy498@gmail.com,sent,
501,bhavesh.patankar500@gmail.com,sent,
502,gaurav.reddy501@gmail.com,sent,
503,pari.trivedi502@gmail.com,sent,
504,ali.das503@gmail.com,sent,
511,olivia.santosh510@gmail.com,sent,
512,sudha.pillay511@gmail.com,sent,
515,simran.more514@gmail.com,sent,
518,hema.shinde517@gmail.com,sent,
524,raj.gupta523@gmail.com,sent,
520,manish.sarma519@gmail.com,sent,
530,sunita.shukla529@gmail.com,sent,
533,omar.jain532@gmail.com,sent,
536,pranali.singhal535@gmail.com,sent,
537,bala.hussain536@gmail.com,sent,
539,isha.reddy538@gmail.com,sent,
541,priya.sinha540@gmail.com,sent,
542,liya.singhal541@gmail.com,sent,
545,tina.patil544@gmail.com,sent,
544,arya.bhatt543@gmail.com,sent,
547,aya.saxena546@gmail.com,sent,
550,isabella.lodha549@gmail.com,sent,
551,asha.verma550@gmail.com,sent,
552,ali.singhal551@gmail.com,sent,
554,vijay.nagpal553@gmail.com,sent,
557,kamal.shetty556@gmail.com,sent,
561,tushar.choudhary560@gmail.com,sent,
562,anita.tilak561@gmail.com,sent,
564,arya.joshi563@gmail.com,sent,
567,lucas.choudhary566@gmail.com,sent,
568,suman.bhatt567@gmail.com,sent,
566,deepa.gupta565@gmail.com,sent,
570,rakesh.dias569@gmail.com,sent,
571,liya.nagpal570@gmail.com,sent,
574,lokanath.kumar573@gmail.com,sent,
579,neel.bhattacharya578@gmail.com,sent,
576,neha.das575@gmail.com,sent,
578,suman.bhat577@gmail.com,sent,
580,lokesh.shukla579@gmail.com,sent,
584,ali.kothari583@gmail.com,sent,
586,dhruv.parekh585@gmail.com,sent,
587,anu.ferreira586@gmail.com,sent,
591,pooja.choudhary590@gmail.com,sent,
592,sunita.sinha591@gmail.com,sent,
593,anu.george592@gmail.com,sent,
596,dev.bose595@gmail.com,sent,
597,reza.rana596@gmail.com,sent,
601,jaya.iqbal600@gmail.com,sent,
602,sudha.naidu601@gmail.com,sent,
603,kavya.ferreira602@gmail.com,sent,
605,anu.trivedi604@gmail.com,sent,
607,vijay.khan606@gmail.com,sent,
609,raj.menon608@gmail.com,sent,
615,aya.pknambiar614@gmail.com,sent,
620,varun.shetty619@gmail.com,sent,
627,amelia.yadav626@gmail.com,sent,
628,nikita.mehra627@gmail.com,sent,
634,mohit.patankar633@gmail.com,sent,
635,sachin.chandra634@gmail.com,sent,
636,vijay.saxena635@gmail.com,sent,
637,neha.reddy636@gmail.com,sent,
638,mano.george637@gmail.com,sent,
639,omar.rao638@gmail.com,sent,
642,shruti.chauhan641@gmail.com,sent,
649,aarav.shaw648@gmail.com,sent,
650,anand.kaushik649@gmail.com,sent,
652,shiv.rana651@gmail.com,sent,
655,sophia.mathew654@gmail.com,sent,
663,mohit.ferreira662@gmail.com,sent,
664,bala.dias663@gmail.com,sent,
665,liya.adani664@gmail.com,sent,
667,meera.kaushik666@gmail.com,sent,
668,emma.nair667@gmail.com,sent,
675,lucas.choudhary674@gmail.com,sent,
676,mahesh.kumar675@gmail.com,sent,
677,sudha.reddy676@gmail.com,sent,
679,sahil.shaw678@gmail.com,sent,
682,anita.singh681@gmail.com,sent,
683,olivia.nagpal682@gmail.com,sent,
685,mohit.gowda684@gmail.com,sent,
681,pranali.singh680@gmail.com,sent,
687,sakshi.banerjee686@gmail.com,sent,
688,ritu.joshi687@gmail.com,sent,
689,mira.mukherjee688@gmail.com,sent,
690,yash.menon689@gmail.com,sent,
692,bhavesh.patankar691@gmail.com,sent,
694,hema.jit693@gmail.com,sent,
698,nivaan.joshi697@gmail.com,sent,
695,varun.modi694@gmail.com,sent,
700,dhruv.sarma699@gmail.com,sent,
701,kabir.patil700@gmail.com,sent,
703,shiv.parekh702@gmail.com,sent,
702,vijay.reddy701@gmail.com,sent,
705,arya.lodha704@gmail.com,sent,
706,rakesh.kothari705@gmail.com,sent,
708,dhruv.desai707@gmail.com,sent,
709,pari.chopra708@gmail.com,sent,
710,deepa.gowda709@gmail.com,sent,
711,ali.jain710@gmail.com,sent,
712,mayank.krishnan711@gmail.com,sent,
716,yash.rao715@gmail.com,sent,
719,sneha.rao718@gmail.com,sent,
720,liam.choudhary719@gmail.com,sent,
722,mano.adani721@gmail.com,sent,
723,oliver.sharma722@gmail.com,sent,
725,tina.verma724@gmail.com,sent,
726,yash.thomas725@gmail.com,sent,
728,rahul.reddy727@gmail.com,sent,
729,simran.chopra728@gmail.com,sent,
730,ravi.das729@gmail.com,sent,
731,samir.patil730@gmail.com,sent,
733,meera.nair732@gmail.com,sent,
734,ritu.jit733@gmail.com,sent,
735,anita.arora734@gmail.com,sent,
740,tanmay.varadarajan739@gmail.com,sent,
736,amelia.rana735@gmail.com,sent,
741,ananya.kothari740@gmail.com,sent,
742,arjun.reddy741@gmail.com,sent,
744,noor.krishnan743@gmail.com,sent,
752,sneha.menon751@gmail.com,sent,
746,nikhil.gowda745@gmail.com,sent,
753,liya.kashyap752@gmail.com,sent,
754,simran.saraf753@gmail.com,sent,
755,yasmin.raj754@gmail.com,sent,
756,reza.lodha755@gmail.com,sent,
759,leela.singh758@gmail.com,sent,
760,mano.paul759@gmail.com,sent,
761,arya.saraf760@gmail.com,sent,
765,manish.krishnan764@gmail.com,sent,
763,kiran.seth762@gmail.com,sent,
766,mayank.bhat765@gmail.com,sent,
767,rakesh.pereira766@gmail.com,sent,
769,anu.raju768@gmail.com,sent,
771,anita.nair770@gmail.com,sent,
772,yash.thomas771@gmail.com,sent,
773,pranali.agrawal772@gmail.com,sent,
775,anand.gowda774@gmail.com,sent,
776,sameer.saraf775@gmail.com,sent,
777,mayank.kapoor776@gmail.com,sent,
778,nidhi.singh777@gmail.com,sent,
780,sudha.singhal779@gmail.com,sent,
784,gaurav.shetty783@gmail.com,sent,
786,emma.kaushik785@gmail.com,sent,
787,madhav.chauhan786@gmail.com,sent,
788,gaurav.sinha787@gmail.com,sent,
789,sahil.gowda788@gmail.com,sent,
793,sneha.rana792@gmail.com,sent,
795,ali.pillay794@gmail.com,sent,
797,kajal.george796@gmail.com,sent,
796,jaya.sinha795@gmail.com,sent,
799,tushar.shinde798@gmail.com,sent,
800,arya.bhattacharya799@gmail.com,sent,
803,anand.joshi802@gmail.com,sent,
805,ritu.bharadwaj804@gmail.com,sent,
801,yash.mehta800@gmail.com,sent,
809,tanvi.kothari808@gmail.com,sent,
813,sanjay.bharadwaj812@gmail.com,sent,
818,ava.more817@gmail.com,sent,
807,emma.kashyap806@gmail.com,sent,
821,sophia.raju820@gmail.com,sent,
820,isha.hussain819@gmail.com,sent,
824,mayank.arora823@gmail.com,sent,
825,emma.saxena824@gmail.com,sent,
829,arya.parekh828@gmail.com,sent,
827,omar.paul826@gmail.com,sent,
830,atul.nair829@gmail.com,sent,
832,samir.deshmukh831@gmail.com,sent,
833,lokesh.saxena832@gmail.com,sent,
834,vijay.bhatt833@gmail.com,sent,
836,gita.choudhary835@gmail.com,sent,
838,dimple.pereira837@gmail.com,sent,
841,rajesh.patel840@gmail.com,sent,
845,rajat.mehra844@gmail.com,sent,
844,pranali.mathew843@gmail.com,sent,
843,aditya.nambiar842@gmail.com,sent,
847,neel.shukla846@gmail.com,sent,
848,yasmin.sinha847@gmail.com,sent,
849,nivaan.adani848@gmail.com,sent,
850,mohammed.shukla849@gmail.com,sent,
854,tina.gowtham853@gmail.com,sent,
855,zara.sinha854@gmail.com,sent,
856,arjun.bhardwaj855@gmail.com,sent,
857,priya.modi856@gmail.com,sent,
860,sophia.saxena859@gmail.com,sent,
864,tanmay.nambiar863@gmail.com,sent,
863,dimple.gowda862@gmail.com,sent,
868,isha.lodha867@gmail.com,sent,
870,mohit.lodha869@gmail.com,sent,
872,pavan.mathew871@gmail.com,sent,
875,liam.jit874@gmail.com,sent,
876,anand.fernandes875@gmail.com,sent,
878,sahil.jit877@gmail.com,sent,
879,bhavna.gowtham878@gmail.com,sent,
882,dhruv.adani881@gmail.com,sent,
884,vijay.bhatt883@gmail.com,sent,
885,tushar.bhattacharya884@gmail.com,sent,
886,lokanath.jain885@gmail.com,sent,
887,sunita.banerjee886@gmail.com,sent,
889,dev.raj888@gmail.com,sent,
890,mayank.shinde889@gmail.com,sent,
891,sakshi.jain890@gmail.com,sent,
895,pooja.thakur894@gmail.com,sent,
893,lucas.mathew892@gmail.com,sent,
896,liam.mukherjee895@gmail.com,sent,
899,gaurav.chopra898@gmail.com,sent,
903,sneha.krishnan902@gmail.com,sent,
904,ritu.yadav903@gmail.com,sent,
905,liam.mehta904@gmail.com,sent,
906,sachin.bharadwaj905@gmail.com,sent,
910,nikita.bhat909@gmail.com,sent,
911,arya.das910@gmail.com,sent,
913,hema.arora912@gmail.com,sent,
914,tanvi.gowtham913@gmail.com,sent,
917,sudha.kaushik916@gmail.com,sent,
918,neel.kaushik917@gmail.com,sent,
923,dimple.krishnan922@gmail.com,sent,
922,laila.thakur921@gmail.com,sent,
928,sara.more927@gmail.com,sent,
929,pranav.sarma928@gmail.com,sent,
930,sachin.mukherjee929@gmail.com,sent,
932,kamal.patankar931@gmail.com,sent,
933,mohammed.jain932@gmail.com,sent,
934,nivaan.bose933@gmail.com,sent,
935,bala.verma934@gmail.com,sent,
936,sahil.seth935@gmail.com,sent,
941,madhav.verma940@gmail.com,sent,
944,mahesh.santosh943@gmail.com,sent,
949,dimple.shaw948@gmail.com,sent,
951,yash.adani950@gmail.com,sent,
953,yash.agrawal952@gmail.com,sent,
954,vikram.choudhary953@gmail.com,sent,
958,jaya.choudhary957@gmail.com,sent,
959,vikram.gupta958@gmail.com,sent,
961,fatima.modi960@gmail.com,sent,
963,ravi.bharadwaj962@gmail.com,sent,
964,anita.parekh963@gmail.com,sent,
966,raj.reddy965@gmail.com,sent,
969,rajesh.iqbal968@gmail.com,sent,
970,sara.kapoor969@gmail.com,sent,
971,sachin.raj970@gmail.com,sent,
972,tanvi.chauhan971@gmail.com,sent,
973,nidhi.adani972@gmail.com,sent,
974,tushar.chopra973@gmail.com,sent,
978,vikram.deshmukh977@gmail.com,sent,
979,aditya.parekh978@gmail.com,sent,
982,dimple.malhotra981@gmail.com,sent,
980,meera.thomas979@gmail.com,sent,
983,shiv.yadav982@gmail.com,sent,
984,arya.pknambiar983@gmail.com,sent,
985,meera.shaw984@gmail.com,sent,
988,nikhil.sarma987@gmail.com,sent,
989,fatima.kothari988@gmail.com,sent,
992,sara.rao991@gmail.com,sent,
993,anu.joshi992@gmail.com,sent,
999,madhav.parekh998@gmail.com,sent,
998,aarav.saxena997@gmail.com,sent,
1001,sanjay.gowda0@gmail.com,sent,
1000,zara.gupta999@gmail.com,sent,
1002,arjun.reddy1@gmail.com,sent,
1004,neha.pereira3@gmail.com,sent,
1009,neha.seth8@gmail.com,sent,
1011,sameer.chavan10@gmail.com,sent,
1012,arjun.shukla11@gmail.com,sent,
1013,simran.singh12@gmail.com,sent,
1016,mano.nair15@gmail.com,sent,
1018,mayank.bhatt17@gmail.com,sent,
1017,karan.chauhan16@gmail.com,sent,
1020,reza.dutta19@gmail.com,sent,
1025,aarav.nair24@gmail.com,sent,
1028,nikita.kumar27@gmail.com,sent,
1027,nikita.pillay26@gmail.com,sent,
1029,suman.gowda28@gmail.com,sent,
1030,reza.jit29@gmail.com,sent,
1032,dhruv.bhatt31@gmail.com,sent,
1034,ananya.hussain33@gmail.com,sent,
1036,yasmin.bhat35@gmail.com,sent,
1037,olivia.choudhary36@gmail.com,sent,
1038,mano.raj37@gmail.com,sent,
1044,vijay.varadarajan43@gmail.com,sent,
1047,rahul.verma46@gmail.com,sent,
1048,shiv.reddy47@gmail.com,sent,
1049,sachin.saxena48@gmail.com,sent,
1051,rahul.saxena50@gmail.com,sent,
1053,deepa.raj52@gmail.com,sent,
1061,mohammed.shinde60@gmail.com,sent,
1056,bhavesh.pillay55@gmail.com,sent,
1062,jaya.gowda61@gmail.com,sent,
1063,tanvi.hussain62@gmail.com,sent,
1066,karan.bhardwaj65@gmail.com,sent,
1069,mia.trivedi68@gmail.com,sent,
1072,laila.jit71@gmail.com,sent,
1073,lokesh.rao72@gmail.com,sent,
1076,kajal.kothari75@gmail.com,sent,
1077,pranav.gowda76@gmail.com,sent,
1074,noor.chavan73@gmail.com,sent,
1079,bala.trivedi78@gmail.com,sent,
1080,vijay.kothari79@gmail.com,sent,
1085,sahil.chavan84@gmail.com,sent,
1083,omar.dutta82@gmail.com,sent,
1086,manish.reddy85@gmail.com,sent,
1087,kavya.kumar86@gmail.com,sent,
1088,varun.verma87@gmail.com,sent,
1090,dimple.lodha89@gmail.com,sent,
1092,isha.reddy91@gmail.com,sent,
1097,sneha.nambiar96@gmail.com,sent,
1100,kiran.rao99@gmail.com,sent,
1101,mano.ferreira100@gmail.com,sent,
1099,anu.saxena98@gmail.com,sent,
1103,fatima.ferreira102@gmail.com,sent,
1105,mayank.gowda104@gmail.com,sent,
1110,anita.singhal109@gmail.com,sent,
1108,simran.patil107@gmail.com,sent,
1112,karan.gowda111@gmail.com,sent,
1117,ritu.goyal116@gmail.com,sent,
1116,sneha.rao115@gmail.com,sent,
1119,rajesh.agrawal118@gmail.com,sent,
1129,zara.rao128@gmail.com,sent,
1128,bhavna.thakur127@gmail.com,sent,
1130,noor.chopra129@gmail.com,sent,
1131,shiv.saxena130@gmail.com,sent,
1132,shiv.pillay131@gmail.com,sent,
1133,pavan.lodha132@gmail.com,sent,
1134,zara.nagpal133@gmail.com,sent,
1135,karan.verma134@gmail.com,sent,
1136,omar.sharma135@gmail.com,sent,
1137,aarav.pereira136@gmail.com,sent,
1139,rakesh.reddy138@gmail.com,sent,
1141,mohit.thakur140@gmail.com,sent,
1145,sudha.patankar144@gmail.com,sent,
1146,laila.choudhary145@gmail.com,sent,
1147,noor.dias146@gmail.com,sent,
1150,yasmin.singh149@gmail.com,sent,
1156,raj.seth155@gmail.com,sent,
1157,aarav.dutta156@gmail.com,sent,
1158,anand.bose157@gmail.com,sent,
1161,atul.gupta160@gmail.com,sent,
1162,ritu.verma161@gmail.com,sent,
1163,tushar.kashyap162@gmail.com,sent,
1168,gita.joshi167@gmail.com,sent,
1175,tina.jain174@gmail.com,sent,
1181,nikhil.verma180@gmail.com,sent,
1184,tanvi.banerjee183@gmail.com,sent,
1185,omar.reddy184@gmail.com,sent,
1192,neha.bhardwaj191@gmail.com,sent,
1187,rajesh.chauhan186@gmail.com,sent,
1194,mia.desai193@gmail.com,sent,
1196,anita.krishnan195@gmail.com,sent,
1201,pooja.modi200@gmail.com,sent,
1200,rakesh.bose199@gmail.com,sent,
1202,bala.paul201@gmail.com,sent,
1203,sophia.bhatt202@gmail.com,sent,
1204,vikram.bhatt203@gmail.com,sent,
1206,rakesh.gupta205@gmail.com,sent,
1211,ali.shetty210@gmail.com,sent,
1212,isabella.joshi211@gmail.com,sent,
1217,reza.nagpal216@gmail.com,sent,
1219,madhav.das218@gmail.com,sent,
1223,fatima.raj222@gmail.com,sent,
1220,sakshi.shaw219@gmail.com,sent,
1228,shreya.joshi227@gmail.com,sent,
1229,gita.santosh228@gmail.com,sent,
1230,ananya.chandra229@gmail.com,sent,
1231,gaurav.patil230@gmail.com,sent,
1233,omar.kaur232@gmail.com,sent,
1236,yash.agrawal235@gmail.com,sent,
1243,meera.arora242@gmail.com,sent,
1249,pooja.trivedi248@gmail.com,sent,
1253,arya.saxena252@gmail.com,sent,
1260,ishan.krishnan259@gmail.com,sent,
1263,anu.raju262@gmail.com,sent,
1262,sophia.gupta261@gmail.com,sent,
1264,yasmin.mathew263@gmail.com,sent,
1268,mano.ferreira267@gmail.com,sent,
1266,nidhi.varma265@gmail.com,sent,
1269,liam.kashyap268@gmail.com,sent,
1271,lokanath.nair270@gmail.com,sent,
1272,neha.menon271@gmail.com,sent,
1274,priya.kaur273@gmail.com,sent,
1277,laila.shaw276@gmail.com,sent,
1279,dev.patel278@gmail.com,sent,
1283,mia.chandra282@gmail.com,sent,
1280,anita.pillay279@gmail.com,sent,
1285,anita.choudhary284@gmail.com,sent,
1287,ali.hussain286@gmail.com,sent,
1289,mohit.gowtham288@gmail.com,sent,
1290,suman.kaushik289@gmail.com,sent,
1292,manish.yadav291@gmail.com,sent,
1295,rajat.saraf294@gmail.com,sent,
1296,rajveer.naidu295@gmail.com,sent,
1297,pavan.dias296@gmail.com,sent,
1300,mira.desai299@gmail.com,sent,
1301,lokesh.singh300@gmail.com,sent,
1304,madhav.dias303@gmail.com,sent,
1305,manish.patil304@gmail.com,sent,
1306,samir.paul305@gmail.com,sent,
1307,pavan.goyal306@gmail.com,sent,
1308,mohammed.saxena307@gmail.com,sent,
1310,bhavna.pillai309@gmail.com,sent,
1313,liya.parekh312@gmail.com,sent,
1312,madhav.george311@gmail.com,sent,
1314,isha.nagpal313@gmail.com,sent,
1315,ali.mukherjee314@gmail.com,sent,
1317,mahesh.verma316@gmail.com,sent,
1318,anu.deshmukh317@gmail.com,sent,
1320,sachin.kumar319@gmail.com,sent,
1322,neel.kaur321@gmail.com,sent,
1324,aditya.banerjee323@gmail.com,sent,
1325,isha.chauhan324@gmail.com,sent,
1327,ravi.varma326@gmail.com,sent,
1329,raj.mukherjee328@gmail.com,sent,
1332,isha.parekh331@gmail.com,sent,
1334,asha.nambiar333@gmail.com,sent,
1338,ishan.naidu337@gmail.com,sent,
1339,dhruv.kaur338@gmail.com,sent,
1340,ishan.george339@gmail.com,sent,
1345,sachin.goyal344@gmail.com,sent,
1346,shreya.tilak345@gmail.com,sent,
1348,dev.chandra347@gmail.com,sent,
1352,rakesh.raju351@gmail.com,sent,
1349,pranali.bhatt348@gmail.com,sent,
1355,vikram.pknambiar354@gmail.com,sent,
1357,jaya.chauhan356@gmail.com,sent,
1358,vikram.bhattacharya357@gmail.com,sent,
1359,kajal.choudhary358@gmail.com,sent,
1360,jaya.santosh359@gmail.com,sent,
1361,emma.shukla360@gmail.com,sent,
1362,ritu.krishnan361@gmail.com,sent,
1369,laila.modi368@gmail.com,sent,
1367,hema.gowtham366@gmail.com,sent,
1371,ritu.goyal370@gmail.com,sent,
1372,mahesh.kashyap371@gmail.com,sent,
1375,yash.rana374@gmail.com,sent,
1376,arjun.mehra375@gmail.com,sent,
1378,rajveer.thakur377@gmail.com,sent,
1379,shruti.mathew378@gmail.com,sent,
1380,karan.singhal379@gmail.com,sent,
1382,varun.shetty381@gmail.com,sent,
1384,shiv.adani383@gmail.com,sent,
1383,shreya.mukherjee382@gmail.com,sent,
1385,gaurav.naidu384@gmail.com,sent,
1386,neel.thakur385@gmail.com,sent,
1387,gaurav.fernandes386@gmail.com,sent,
1390,reza.saxena389@gmail.com,sent,
1391,suman.ferreira390@gmail.com,sent,
1394,gaurav.chopra393@gmail.com,sent,
1395,isabella.bhardwaj394@gmail.com,sent,
1397,leela.mehta396@gmail.com,sent,
1396,manish.nagpal395@gmail.com,sent,
1398,sneha.jit397@gmail.com,sent,
1402,samir.shukla401@gmail.com,sent,
1403,ali.reddy402@gmail.com,sent,
1400,kamal.mehta399@gmail.com,sent,
1407,omar.menon406@gmail.com,sent,
1408,lokanath.patankar407@gmail.com,sent,
1412,fatima.pereira411@gmail.com,sent,
1413,rajesh.banerjee412@gmail.com,sent,
1414,kajal.reddy413@gmail.com,sent,
1416,sunita.chavan415@gmail.com,sent,
1420,hema.krishnan419@gmail.com,sent,
1421,ritu.deshmukh420@gmail.com,sent,
1422,laila.malhotra421@gmail.com,sent,
1423,aditya.kaur422@gmail.com,sent,
1424,dev.jain423@gmail.com,sent,
1426,deepa.nagpal425@gmail.com,sent,
1432,arya.joshi431@gmail.com,sent,
1428,pooja.verma427@gmail.com,sent,
1433,varun.bose432@gmail.com,sent,
1434,dev.joshi433@gmail.com,sent,
1436,aya.rao435@gmail.com,sent,
1437,sachin.santosh436@gmail.com,sent,
1441,varun.desai440@gmail.com,sent,
1440,sahil.krishnan439@gmail.com,sent,
1445,ali.more444@gmail.com,sent,
1444,lokanath.bose443@gmail.com,sent,
1449,shiv.dias448@gmail.com,sent,
1447,rajat.reddy446@gmail.com,sent,
1450,rajveer.shetty449@gmail.com,sent,
1453,liya.agrawal452@gmail.com,sent,
1454,aditya.joshi453@gmail.com,sent,
1455,isha.verma454@gmail.com,sent,
1463,nikhil.thakur462@gmail.com,sent,
1458,gaurav.nambiar457@gmail.com,sent,
1466,sneha.krishnan465@gmail.com,sent,
1468,tina.singh467@gmail.com,sent,
1469,neel.yadav468@gmail.com,sent,
1472,jaya.kashyap471@gmail.com,sent,
1474,ava.menon473@gmail.com,sent,
1478,lokesh.mehta477@gmail.com,sent,
1479,kiran.thomas478@gmail.com,sent,
1481,hema.rao480@gmail.com,sent,
1482,neel.deshmukh481@gmail.com,sent,
1483,nikita.modi482@gmail.com,sent,
1484,liya.verma483@gmail.com,sent,
1487,omar.bhattacharya486@gmail.com,sent,
1488,priya.shukla487@gmail.com,sent,
1490,mano.pillai489@gmail.com,sent,
1491,mohammed.mukherjee490@gmail.com,sent,
1495,varun.patel494@gmail.com,sent,
1496,sameer.singh495@gmail.com,sent,
1497,emma.nambiar496@gmail.com,sent,
1499,liam.thakur498@gmail.com,sent,
1502,yash.patil501@gmail.com,sent,
1505,tina.nair504@gmail.com,sent,
1506,isha.chauhan505@gmail.com,sent,
1507,rajveer.rao506@gmail.com,sent,
1510,arya.lodha509@gmail.com,sent,
1509,kabir.ferreira508@gmail.com,sent,
1511,sunita.modi510@gmail.com,sent,
1512,sanjay.chauhan511@gmail.com,sent,
1516,priya.dutta515@gmail.com,sent,
1517,samir.chandra516@gmail.com,sent,
1518,meera.patankar517@gmail.com,sent,
1520,mano.parekh519@gmail.com,sent,
1522,sachin.gupta521@gmail.com,sent,
1523,suman.mehra522@gmail.com,sent,
1524,yash.rao523@gmail.com,sent,
1525,omar.paul524@gmail.com,sent,
1526,bala.adani525@gmail.com,sent,
1527,lucas.pillai526@gmail.com,sent,
1528,neel.gowda527@gmail.com,sent,
1531,arya.thomas530@gmail.com,sent,
1532,lucas.gowda531@gmail.com,sent,
1533,mano.nair532@gmail.com,sent,
1536,pavan.nagpal535@gmail.com,sent,
1535,kajal.kaur534@gmail.com,sent,
1538,aarav.thomas537@gmail.com,sent,
1540,yasmin.varadarajan539@gmail.com,sent,
1541,arya.dutta540@gmail.com,sent,
1542,isha.nambiar541@gmail.com,sent,
1543,oliver.george542@gmail.com,sent,
1547,sakshi.varadarajan546@gmail.com,sent,
1548,rakesh.mukherjee547@gmail.com,sent,
1551,nidhi.kumar550@gmail.com,sent,
1552,sameer.desai551@gmail.com,sent,
1557,arjun.bose556@gmail.com,sent,
1560,noor.patil559@gmail.com,sent,
1562,vijay.bhardwaj561@gmail.com,sent,
1563,mayank.banerjee562@gmail.com,sent,
1564,bhavesh.parekh563@gmail.com,sent,
1565,anand.gupta564@gmail.com,sent,
1570,arya.gowtham569@gmail.com,sent,
1572,sahil.sinha571@gmail.com,sent,
1576,karan.chopra575@gmail.com,sent,
1577,yash.singh576@gmail.com,sent,
1580,anita.gowda579@gmail.com,sent,
1582,sahil.menon581@gmail.com,sent,
1583,sanjay.deshmukh582@gmail.com,sent,
1585,gaurav.shetty584@gmail.com,sent,
1586,suman.raj585@gmail.com,sent,
1589,madhav.raju588@gmail.com,sent,
1591,fatima.krishnan590@gmail.com,sent,
1592,leela.sinha591@gmail.com,sent,
1596,isha.shetty595@gmail.com,sent,
1600,nidhi.pillay599@gmail.com,sent,
1601,isha.mathew600@gmail.com,sent,
1602,aarav.arora601@gmail.com,sent,
1603,kavya.shetty602@gmail.com,sent,
1605,rajveer.arora604@gmail.com,sent,
1606,sunita.chopra605@gmail.com,sent,
1607,ali.parekh606@gmail.com,sent,
1611,neha.krishnan610@gmail.com,sent,
1615,rahul.dutta614@gmail.com,sent,
1617,mia.mehra616@gmail.com,sent,
1612,sara.raj611@gmail.com,sent,
1620,manish.thakur619@gmail.com,sent,
1621,ali.more620@gmail.com,sent,
1624,jaya.khan623@gmail.com,sent,
1623,rajveer.deshmukh622@gmail.com,sent,
1625,olivia.shinde624@gmail.com,sent,
1627,kavya.singh626@gmail.com,sent,
1628,aarav.menon627@gmail.com,sent,
1630,gaurav.saxena629@gmail.com,sent,
1631,kabir.malhotra630@gmail.com,sent,
1632,lokesh.khan631@gmail.com,sent,
1634,anita.bhattacharya633@gmail.com,sent,
1637,aya.singh636@gmail.com,sent,
1638,isha.parekh637@gmail.com,sent,
1639,bhavna.lodha638@gmail.com,sent,
1640,amelia.kashyap639@gmail.com,sent,
1647,olivia.nambiar646@gmail.com,sent,
1653,mano.shaw652@gmail.com,sent,
1649,omar.patankar648@gmail.com,sent,
1654,yasmin.gowda653@gmail.com,sent,
1657,tanmay.patel656@gmail.com,sent,
1659,kiran.george658@gmail.com,sent,
1658,raj.jain657@gmail.com,sent,
1660,neel.yadav659@gmail.com,sent,
1663,nikhil.pillai662@gmail.com,sent,
1664,reza.gowtham663@gmail.com,sent,
1665,sahil.thomas664@gmail.com,sent,
1666,sophia.kaur665@gmail.com,sent,
1667,laila.verma666@gmail.com,sent,
1672,leela.paul671@gmail.com,sent,
1673,pranav.thakur672@gmail.com,sent,
1674,pavan.iqbal673@gmail.com,sent,
1675,isha.saraf674@gmail.com,sent,
1680,pooja.varma679@gmail.com,sent,
1682,lucas.patil681@gmail.com,sent,
1678,rajat.patankar677@gmail.com,sent,
1686,isha.chavan685@gmail.com,sent,
1692,gita.verma691@gmail.com,sent,
1696,mayank.malhotra695@gmail.com,sent,
1697,karan.patel696@gmail.com,sent,
1699,shreya.seth698@gmail.com,sent,
1702,dimple.raj701@gmail.com,sent,
1704,kabir.kothari703@gmail.com,sent,
1708,yash.paul707@gmail.com,sent,
1701,kabir.iqbal700@gmail.com,sent,
1710,tushar.yadav709@gmail.com,sent,
1712,nivaan.bhatt711@gmail.com,sent,
1714,mohit.modi713@gmail.com,sent,
1713,aditya.shinde712@gmail.com,sent,
1719,neel.sarma718@gmail.com,sent,
1721,shruti.gowda720@gmail.com,sent,
1722,sara.pillai721@gmail.com,sent,
1726,gita.yadav725@gmail.com,sent,
1729,simran.seth728@gmail.com,sent,
1730,dhruv.naidu729@gmail.com,sent,
1731,sunita.khan730@gmail.com,sent,
1732,liam.mehta731@gmail.com,sent,
1737,tanvi.paul736@gmail.com,sent,
1738,pari.pillai737@gmail.com,sent,
1740,lokanath.jit739@gmail.com,sent,
1741,raj.chavan740@gmail.com,sent,
1743,pranali.kumar742@gmail.com,sent,
1744,lucas.adani743@gmail.com,sent,
1746,emma.gowtham745@gmail.com,sent,
1750,vikram.reddy749@gmail.com,sent,
1751,priya.pillay750@gmail.com,sent,
1753,nikhil.shaw752@gmail.com,sent,
1755,ravi.das754@gmail.com,sent,
1756,sanjay.thakur755@gmail.com,sent,
1760,reza.gowtham759@gmail.com,sent,
1762,bhavna.singh761@gmail.com,sent,
1763,madhav.george762@gmail.com,sent,
1764,omar.shetty763@gmail.com,sent,
1765,priya.choudhary764@gmail.com,sent,
1766,kabir.choudhary765@gmail.com,sent,
1767,amelia.nair766@gmail.com,sent,
1768,rajesh.saraf767@gmail.com,sent,
1775,kavya.bhat774@gmail.com,sent,
1776,kiran.krishnan775@gmail.com,sent,
1777,lokesh.nagpal776@gmail.com,sent,
1778,arya.chopra777@gmail.com,sent,
1781,mayank.raju780@gmail.com,sent,
1779,rakesh.raju778@gmail.com,sent,
1782,ishan.krishnan781@gmail.com,sent,
1783,oliver.parekh782@gmail.com,sent,
1791,shiv.chauhan790@gmail.com,sent,
1793,laila.reddy792@gmail.com,sent,
1795,bhavesh.chavan794@gmail.com,sent,
1797,rajesh.kothari796@gmail.com,sent,
1798,priya.raj797@gmail.com,sent,
1800,rajveer.verma799@gmail.com,sent,
1803,shreya.iqbal802@gmail.com,sent,
1804,omar.kapoor803@gmail.com,sent,
1806,omar.thomas805@gmail.com,sent,
1808,tanmay.gowda807@gmail.com,sent,
1809,mayank.kaushik808@gmail.com,sent,
1810,dev.kothari809@gmail.com,sent,
1811,meera.dutta810@gmail.com,sent,
1818,isabella.singh817@gmail.com,sent,
1819,nikita.naidu818@gmail.com,sent,
1821,ravi.krishnan820@gmail.com,sent,
1822,kabir.das821@gmail.com,sent,
1826,mira.shinde825@gmail.com,sent,
1823,sameer.adani822@gmail.com,sent,
1827,laila.joshi826@gmail.com,sent,
1830,arya.adani829@gmail.com,sent,
1833,mayank.kashyap832@gmail.com,sent,
1834,isha.jain833@gmail.com,sent,
1831,pavan.agrawal830@gmail.com,sent,
1835,reza.banerjee834@gmail.com,sent,
1837,neel.bhatt836@gmail.com,sent,
1836,omar.banerjee835@gmail.com,sent,
1838,laila.patel837@gmail.com,sent,
1839,simran.varma838@gmail.com,sent,
1840,lucas.pereira839@gmail.com,sent,
1848,mayank.yadav847@gmail.com,sent,
1850,dhruv.krishnan849@gmail.com,sent,
1841,vikram.banerjee840@gmail.com,sent,
1851,kabir.hussain850@gmail.com,sent,
1857,kavya.trivedi856@gmail.com,sent,
1853,arya.khan852@gmail.com,sent,
1858,manish.reddy857@gmail.com,sent,
1863,deepa.malhotra862@gmail.com,sent,
1867,pranav.gupta866@gmail.com,sent,
1866,noor.hussain865@gmail.com,sent,
1869,shiv.gupta868@gmail.com,sent,
1862,aya.kapoor861@gmail.com,sent,
1870,shiv.krishnan869@gmail.com,sent,
1871,aditya.varadarajan870@gmail.com,sent,
1876,dev.pknambiar875@gmail.com,sent,
1875,nivaan.mehta874@gmail.com,sent,
1877,ishan.varadarajan876@gmail.com,sent,
1880,asha.krishnan879@gmail.com,sent,
1881,sachin.gowda880@gmail.com,sent,
1883,pranali.trivedi882@gmail.com,sent,
1882,jaya.trivedi881@gmail.com,sent,
1885,anu.kaushik884@gmail.com,sent,
1892,aarav.pknambiar891@gmail.com,sent,
1890,isabella.paul889@gmail.com,sent,
1894,pranali.saxena893@gmail.com,sent,
1896,dimple.chauhan895@gmail.com,sent,
1899,sophia.raj898@gmail.com,sent,
1897,kajal.kaushik896@gmail.com,sent,
1901,meera.kothari900@gmail.com,sent,
1902,nidhi.shukla901@gmail.com,sent,
1908,mohit.parekh907@gmail.com,sent,
1906,mohammed.das905@gmail.com,sent,
1909,tina.shaw908@gmail.com,sent,
1910,anand.das909@gmail.com,sent,
1911,neha.joshi910@gmail.com,sent,
1914,mira.raju913@gmail.com,sent,
1915,varun.kaushik914@gmail.com,sent,
1916,bhavesh.mathew915@gmail.com,sent,
1917,rajesh.gowda916@gmail.com,sent,
1918,nidhi.chandra917@gmail.com,sent,
1919,noor.saraf918@gmail.com,sent,
1921,vijay.fernandes920@gmail.com,sent,
1924,dev.verma923@gmail.com,sent,
1920,olivia.thomas919@gmail.com,sent,
1925,liya.nagpal924@gmail.com,sent,
1927,sachin.singh926@gmail.com,sent,
1931,bhavna.nagpal930@gmail.com,sent,
1935,priya.mehta934@gmail.com,sent,
1937,suman.iqbal936@gmail.com,sent,
1939,reza.singh938@gmail.com,sent,
1940,suman.deshmukh939@gmail.com,sent,
1938,neha.nagpal937@gmail.com,sent,
1946,pooja.santosh945@gmail.com,sent,
1947,ritu.kothari946@gmail.com,sent,
1950,leela.pereira949@gmail.com,sent,
1954,rajesh.mathew953@gmail.com,sent,
1956,rahul.ambani955@gmail.com,sent,
1957,kavya.chauhan956@gmail.com,sent,
1960,yash.agrawal959@gmail.com,sent,
1962,pranali.pillai961@gmail.com,sent,
1963,lucas.tilak962@gmail.com,sent,
1964,amelia.shukla963@gmail.com,sent,
1966,gaurav.ferreira965@gmail.com,sent,
1968,nikita.rana967@gmail.com,sent,
1970,sanjay.kumar969@gmail.com,sent,
1971,neel.raj970@gmail.com,sent,
1972,raj.kumar971@gmail.com,sent,
1973,omar.deshmukh972@gmail.com,sent,
1974,sameer.menon973@gmail.com,sent,
1975,gaurav.desai974@gmail.com,sent,
1976,bhavna.mukherjee975@gmail.com,sent,
1979,rakesh.tilak978@gmail.com,sent,
1981,neel.jain980@gmail.com,sent,
1984,rajat.bhat983@gmail.com,sent,
1985,dimple.varadarajan984@gmail.com,sent,
